product,version,artifact_sha256,layer,profile,case,track,verdict,samples,expected_samples,p50_ms,p95_ms,p99_ms,max_batch_requests,observed_proxy_rss_bytes,qualification_errors
connection-guard,0.5.0,172d6e4dc7b925efc8498cab46f28807dba47f20750fbfbdb3c56a64002bb503,native_velocity_login_gate,controlled_enforce,vpn_positive_v4,provider,pass,12,12,3.1439585,6.817831249999998,8.225666250000002,1,200966144,
georestrict,2.0.2,4907800be78f298616b0be0656c7e4b91ed91bc1eb04990d454acfe9886a9196,native_velocity_login_gate,controlled_enforce,vpn_positive_v4,provider,pass,12,12,2.4010625,3.519856249999999,4.358771250000001,1,179552256,
sqidgeon-antivpn,1.0.0,c66e6da19707a702ddcd45fdc0c9a60624dfb00a1e6330ae8d6efaf0b1410a8d,native_velocity_login_gate,controlled_local_cidr_and_manual_rules,vpn_positive_v4,provider,pass,12,12,1.3951665000000002,1.5156352,1.52966064,0,174784512,
connection-guard,0.5.0,172d6e4dc7b925efc8498cab46f28807dba47f20750fbfbdb3c56a64002bb503,native_velocity_login_gate,controlled_enforce,vpn_negative_v4,provider,pass,12,12,2.650979,4.876168749999999,5.4274337500000005,1,192561152,
georestrict,2.0.2,4907800be78f298616b0be0656c7e4b91ed91bc1eb04990d454acfe9886a9196,native_velocity_login_gate,controlled_enforce,vpn_negative_v4,provider,pass,12,12,2.2057085,2.47330435,2.48126087,1,170934272,
sqidgeon-antivpn,1.0.0,c66e6da19707a702ddcd45fdc0c9a60624dfb00a1e6330ae8d6efaf0b1410a8d,native_velocity_login_gate,controlled_local_cidr_and_manual_rules,vpn_negative_v4,provider,pass,12,12,1.3947289999999999,1.5492145499999999,1.56767651,0,176668672,
connection-guard,0.5.0,172d6e4dc7b925efc8498cab46f28807dba47f20750fbfbdb3c56a64002bb503,native_velocity_login_gate,controlled_enforce,vpn_positive_v6,provider,pass,12,12,3.2625,4.676891299999999,5.14607826,1,205799424,
georestrict,2.0.2,4907800be78f298616b0be0656c7e4b91ed91bc1eb04990d454acfe9886a9196,native_velocity_login_gate,controlled_enforce,vpn_positive_v6,provider,pass,12,12,2.4313124999999998,3.8497017499999986,4.773206750000001,1,173178880,
sqidgeon-antivpn,1.0.0,c66e6da19707a702ddcd45fdc0c9a60624dfb00a1e6330ae8d6efaf0b1410a8d,native_velocity_login_gate,controlled_local_cidr_and_manual_rules,vpn_positive_v6,provider,pass,12,12,1.4328750000000001,1.6192975499999998,1.7378595100000003,0,175587328,
connection-guard,0.5.0,172d6e4dc7b925efc8498cab46f28807dba47f20750fbfbdb3c56a64002bb503,native_velocity_login_gate,controlled_enforce,vpn_negative_v6,provider,pass,12,12,2.820146,3.43922715,3.6192782300000004,1,196509696,
georestrict,2.0.2,4907800be78f298616b0be0656c7e4b91ed91bc1eb04990d454acfe9886a9196,native_velocity_login_gate,controlled_enforce,vpn_negative_v6,provider,pass,12,12,2.3393125,3.0018162999999993,3.3924632600000004,1,169443328,
sqidgeon-antivpn,1.0.0,c66e6da19707a702ddcd45fdc0c9a60624dfb00a1e6330ae8d6efaf0b1410a8d,native_velocity_login_gate,controlled_local_cidr_and_manual_rules,vpn_negative_v6,provider,pass,12,12,1.41425,1.5489,1.58168,0,175030272,
connection-guard,0.5.0,172d6e4dc7b925efc8498cab46f28807dba47f20750fbfbdb3c56a64002bb503,native_velocity_login_gate,controlled_enforce,vpn_mapped_v4,provider,pass,12,12,2.9396459999999998,3.1579837,3.19479674,1,197738496,
georestrict,2.0.2,4907800be78f298616b0be0656c7e4b91ed91bc1eb04990d454acfe9886a9196,native_velocity_login_gate,controlled_enforce,vpn_mapped_v4,provider,pass,12,12,2.574833,2.82886235,2.90083887,1,180977664,
sqidgeon-antivpn,1.0.0,c66e6da19707a702ddcd45fdc0c9a60624dfb00a1e6330ae8d6efaf0b1410a8d,native_velocity_login_gate,controlled_local_cidr_and_manual_rules,vpn_mapped_v4,provider,pass,12,12,1.4237085,1.7212916999999999,1.80122474,0,174456832,
connection-guard,0.5.0,172d6e4dc7b925efc8498cab46f28807dba47f20750fbfbdb3c56a64002bb503,native_velocity_login_gate,controlled_enforce,provider_503_open,provider,pass,12,12,3.0999375000000002,3.451,3.6083000000000003,1,194592768,
georestrict,2.0.2,4907800be78f298616b0be0656c7e4b91ed91bc1eb04990d454acfe9886a9196,native_velocity_login_gate,controlled_enforce,provider_503_open,provider,pass,12,12,2.3779375,2.6763189,2.74079738,1,172752896,
sqidgeon-antivpn,1.0.0,c66e6da19707a702ddcd45fdc0c9a60624dfb00a1e6330ae8d6efaf0b1410a8d,native_velocity_login_gate,controlled_local_cidr_and_manual_rules,provider_503_open,provider,unsupported,0,12,,,,,,
connection-guard,0.5.0,172d6e4dc7b925efc8498cab46f28807dba47f20750fbfbdb3c56a64002bb503,native_velocity_login_gate,controlled_enforce,provider_503_closed,provider,pass,12,12,2.6945829999999997,3.11976845,3.14838649,1,191610880,
georestrict,2.0.2,4907800be78f298616b0be0656c7e4b91ed91bc1eb04990d454acfe9886a9196,native_velocity_login_gate,controlled_enforce,provider_503_closed,provider,pass,12,12,2.3890835,3.604800299999998,4.604627260000001,1,174080000,
sqidgeon-antivpn,1.0.0,c66e6da19707a702ddcd45fdc0c9a60624dfb00a1e6330ae8d6efaf0b1410a8d,native_velocity_login_gate,controlled_local_cidr_and_manual_rules,provider_503_closed,provider,unsupported,0,12,,,,,,
connection-guard,0.5.0,172d6e4dc7b925efc8498cab46f28807dba47f20750fbfbdb3c56a64002bb503,native_velocity_login_gate,controlled_enforce,provider_429_open,provider,pass,12,12,1.8331875,2.4099896999999997,2.58626514,0,196198400,
georestrict,2.0.2,4907800be78f298616b0be0656c7e4b91ed91bc1eb04990d454acfe9886a9196,native_velocity_login_gate,controlled_enforce,provider_429_open,provider,pass,12,12,2.1535415,2.6983627999999995,3.0772397600000008,1,191922176,
sqidgeon-antivpn,1.0.0,c66e6da19707a702ddcd45fdc0c9a60624dfb00a1e6330ae8d6efaf0b1410a8d,native_velocity_login_gate,controlled_local_cidr_and_manual_rules,provider_429_open,provider,unsupported,0,12,,,,,,
connection-guard,0.5.0,172d6e4dc7b925efc8498cab46f28807dba47f20750fbfbdb3c56a64002bb503,native_velocity_login_gate,controlled_enforce,provider_timeout_open,provider,pass,12,12,510.557854,515.80365175,518.8703967499999,1,180977664,
georestrict,2.0.2,4907800be78f298616b0be0656c7e4b91ed91bc1eb04990d454acfe9886a9196,native_velocity_login_gate,controlled_enforce,provider_timeout_open,provider,pass,12,12,508.039979,509.70232865,510.12513213,1,172998656,
sqidgeon-antivpn,1.0.0,c66e6da19707a702ddcd45fdc0c9a60624dfb00a1e6330ae8d6efaf0b1410a8d,native_velocity_login_gate,controlled_local_cidr_and_manual_rules,provider_timeout_open,provider,unsupported,0,12,,,,,,
connection-guard,0.5.0,172d6e4dc7b925efc8498cab46f28807dba47f20750fbfbdb3c56a64002bb503,native_velocity_login_gate,controlled_enforce,provider_timeout_closed,provider,pass,12,12,512.2289375,515.85969985,516.10140637,1,185778176,
georestrict,2.0.2,4907800be78f298616b0be0656c7e4b91ed91bc1eb04990d454acfe9886a9196,native_velocity_login_gate,controlled_enforce,provider_timeout_closed,provider,pass,12,12,508.14670850000005,509.76870625,510.42414125,1,165412864,
sqidgeon-antivpn,1.0.0,c66e6da19707a702ddcd45fdc0c9a60624dfb00a1e6330ae8d6efaf0b1410a8d,native_velocity_login_gate,controlled_local_cidr_and_manual_rules,provider_timeout_closed,provider,unsupported,0,12,,,,,,
connection-guard,0.5.0,172d6e4dc7b925efc8498cab46f28807dba47f20750fbfbdb3c56a64002bb503,native_velocity_login_gate,controlled_enforce,provider_malformed_open,provider,pass,12,12,2.6694585,2.9958168499999998,3.02456337,1,200245248,
georestrict,2.0.2,4907800be78f298616b0be0656c7e4b91ed91bc1eb04990d454acfe9886a9196,native_velocity_login_gate,controlled_enforce,provider_malformed_open,provider,pass,12,12,2.1911045,2.52025015,2.57378363,1,168624128,
sqidgeon-antivpn,1.0.0,c66e6da19707a702ddcd45fdc0c9a60624dfb00a1e6330ae8d6efaf0b1410a8d,native_velocity_login_gate,controlled_local_cidr_and_manual_rules,provider_malformed_open,provider,unsupported,0,12,,,,,,
connection-guard,0.5.0,172d6e4dc7b925efc8498cab46f28807dba47f20750fbfbdb3c56a64002bb503,native_velocity_login_gate,controlled_enforce,provider_missing_open,provider,pass,12,12,2.7109585000000003,3.0189857499999997,3.08273075,1,189693952,
georestrict,2.0.2,4907800be78f298616b0be0656c7e4b91ed91bc1eb04990d454acfe9886a9196,native_velocity_login_gate,controlled_enforce,provider_missing_open,provider,pass,12,12,2.2635205,2.4773811,2.52444262,1,167460864,
sqidgeon-antivpn,1.0.0,c66e6da19707a702ddcd45fdc0c9a60624dfb00a1e6330ae8d6efaf0b1410a8d,native_velocity_login_gate,controlled_local_cidr_and_manual_rules,provider_missing_open,provider,unsupported,0,12,,,,,,
connection-guard,0.5.0,172d6e4dc7b925efc8498cab46f28807dba47f20750fbfbdb3c56a64002bb503,native_velocity_login_gate,controlled_enforce,provider_slow_positive,provider,pass,12,12,60.553270499999996,66.6323288,66.88976576,1,207634432,
georestrict,2.0.2,4907800be78f298616b0be0656c7e4b91ed91bc1eb04990d454acfe9886a9196,native_velocity_login_gate,controlled_enforce,provider_slow_positive,provider,pass,12,12,59.3141045,63.0650439,63.26724238,1,190562304,
sqidgeon-antivpn,1.0.0,c66e6da19707a702ddcd45fdc0c9a60624dfb00a1e6330ae8d6efaf0b1410a8d,native_velocity_login_gate,controlled_local_cidr_and_manual_rules,provider_slow_positive,provider,unsupported,0,12,,,,,,
connection-guard,0.5.0,172d6e4dc7b925efc8498cab46f28807dba47f20750fbfbdb3c56a64002bb503,native_velocity_login_gate,controlled_enforce,rules_manual_deny,rules,pass,12,12,1.5310205,1.7539689,1.81272738,0,191397888,
georestrict,2.0.2,4907800be78f298616b0be0656c7e4b91ed91bc1eb04990d454acfe9886a9196,native_velocity_login_gate,controlled_enforce,rules_manual_deny,rules,unsupported,0,12,,,,,,
sqidgeon-antivpn,1.0.0,c66e6da19707a702ddcd45fdc0c9a60624dfb00a1e6330ae8d6efaf0b1410a8d,native_velocity_login_gate,controlled_local_cidr_and_manual_rules,rules_manual_deny,rules,error,0,12,,,,,,artifact_runtime_compatibility
connection-guard,0.5.0,172d6e4dc7b925efc8498cab46f28807dba47f20750fbfbdb3c56a64002bb503,native_velocity_login_gate,controlled_enforce,rules_manual_allow,rules,pass,12,12,1.539812,1.64277935,1.6729558700000002,0,189825024,
georestrict,2.0.2,4907800be78f298616b0be0656c7e4b91ed91bc1eb04990d454acfe9886a9196,native_velocity_login_gate,controlled_enforce,rules_manual_allow,rules,unsupported,0,12,,,,,,
sqidgeon-antivpn,1.0.0,c66e6da19707a702ddcd45fdc0c9a60624dfb00a1e6330ae8d6efaf0b1410a8d,native_velocity_login_gate,controlled_local_cidr_and_manual_rules,rules_manual_allow,rules,error,0,12,,,,,,artifact_runtime_compatibility
connection-guard,0.5.0,172d6e4dc7b925efc8498cab46f28807dba47f20750fbfbdb3c56a64002bb503,native_velocity_login_gate,controlled_enforce,rules_deny_allow_conflict,rules,pass,12,12,1.3911875,1.5494269,1.55538538,0,205471744,
georestrict,2.0.2,4907800be78f298616b0be0656c7e4b91ed91bc1eb04990d454acfe9886a9196,native_velocity_login_gate,controlled_enforce,rules_deny_allow_conflict,rules,unsupported,0,12,,,,,,
sqidgeon-antivpn,1.0.0,c66e6da19707a702ddcd45fdc0c9a60624dfb00a1e6330ae8d6efaf0b1410a8d,native_velocity_login_gate,controlled_local_cidr_and_manual_rules,rules_deny_allow_conflict,rules,unsupported,0,12,,,,,,
connection-guard,0.5.0,172d6e4dc7b925efc8498cab46f28807dba47f20750fbfbdb3c56a64002bb503,native_velocity_login_gate,controlled_enforce,rules_expiry,rules,pass,12,12,3.107125,3.7852726999999993,4.06428814,1,215973888,
georestrict,2.0.2,4907800be78f298616b0be0656c7e4b91ed91bc1eb04990d454acfe9886a9196,native_velocity_login_gate,controlled_enforce,rules_expiry,rules,unsupported,0,12,,,,,,
sqidgeon-antivpn,1.0.0,c66e6da19707a702ddcd45fdc0c9a60624dfb00a1e6330ae8d6efaf0b1410a8d,native_velocity_login_gate,controlled_local_cidr_and_manual_rules,rules_expiry,rules,unsupported,0,12,,,,,,
connection-guard,0.5.0,172d6e4dc7b925efc8498cab46f28807dba47f20750fbfbdb3c56a64002bb503,native_velocity_login_gate,controlled_enforce,geo_fixture_gb,geo,unsupported,0,12,,,,,,
georestrict,2.0.2,4907800be78f298616b0be0656c7e4b91ed91bc1eb04990d454acfe9886a9196,native_velocity_login_gate,controlled_enforce,geo_fixture_gb,geo,unsupported,0,12,,,,,,
sqidgeon-antivpn,1.0.0,c66e6da19707a702ddcd45fdc0c9a60624dfb00a1e6330ae8d6efaf0b1410a8d,native_velocity_login_gate,controlled_local_cidr_and_manual_rules,geo_fixture_gb,geo,unsupported,0,12,,,,,,
connection-guard,0.5.0,172d6e4dc7b925efc8498cab46f28807dba47f20750fbfbdb3c56a64002bb503,native_velocity_login_gate,controlled_enforce,geo_block_gb,geo,pass,12,12,2.3371665,4.027962499999999,4.500192500000001,0,207552512,
georestrict,2.0.2,4907800be78f298616b0be0656c7e4b91ed91bc1eb04990d454acfe9886a9196,native_velocity_login_gate,controlled_enforce,geo_block_gb,geo,pass,12,12,2.459271,2.8287375,2.8387475,1,172589056,
sqidgeon-antivpn,1.0.0,c66e6da19707a702ddcd45fdc0c9a60624dfb00a1e6330ae8d6efaf0b1410a8d,native_velocity_login_gate,controlled_local_cidr_and_manual_rules,geo_block_gb,geo,unsupported,0,12,,,,,,
connection-guard,0.5.0,172d6e4dc7b925efc8498cab46f28807dba47f20750fbfbdb3c56a64002bb503,native_velocity_login_gate,controlled_enforce,geo_allow_gb,geo,pass,12,12,2.0370625,2.2639231,2.27798462,0,192266240,
georestrict,2.0.2,4907800be78f298616b0be0656c7e4b91ed91bc1eb04990d454acfe9886a9196,native_velocity_login_gate,controlled_enforce,geo_allow_gb,geo,pass,12,12,2.371854,8.76799359999999,14.499965120000006,1,174964736,
sqidgeon-antivpn,1.0.0,c66e6da19707a702ddcd45fdc0c9a60624dfb00a1e6330ae8d6efaf0b1410a8d,native_velocity_login_gate,controlled_local_cidr_and_manual_rules,geo_allow_gb,geo,unsupported,0,12,,,,,,
connection-guard,0.5.0,172d6e4dc7b925efc8498cab46f28807dba47f20750fbfbdb3c56a64002bb503,native_velocity_login_gate,controlled_enforce,geo_empty_whitelist,geo,pass,12,12,2.388979,2.7756939,2.9490723800000005,0,194052096,
georestrict,2.0.2,4907800be78f298616b0be0656c7e4b91ed91bc1eb04990d454acfe9886a9196,native_velocity_login_gate,controlled_enforce,geo_empty_whitelist,geo,pass,12,12,2.3322915,2.60904755,2.62420951,1,171081728,
sqidgeon-antivpn,1.0.0,c66e6da19707a702ddcd45fdc0c9a60624dfb00a1e6330ae8d6efaf0b1410a8d,native_velocity_login_gate,controlled_local_cidr_and_manual_rules,geo_empty_whitelist,geo,unsupported,0,12,,,,,,
connection-guard,0.5.0,172d6e4dc7b925efc8498cab46f28807dba47f20750fbfbdb3c56a64002bb503,native_velocity_login_gate,controlled_enforce,cache_disabled,cache,pass,12,12,3.1156870000000003,3.66136685,3.69957337,1,189202432,
georestrict,2.0.2,4907800be78f298616b0be0656c7e4b91ed91bc1eb04990d454acfe9886a9196,native_velocity_login_gate,controlled_enforce,cache_disabled,cache,pass,12,12,2.3842915,6.138946499999998,7.559156500000002,1,171573248,
sqidgeon-antivpn,1.0.0,c66e6da19707a702ddcd45fdc0c9a60624dfb00a1e6330ae8d6efaf0b1410a8d,native_velocity_login_gate,controlled_local_cidr_and_manual_rules,cache_disabled,cache,pass,12,12,1.5150834999999998,1.85108575,1.85235075,0,173621248,
connection-guard,0.5.0,172d6e4dc7b925efc8498cab46f28807dba47f20750fbfbdb3c56a64002bb503,native_velocity_login_gate,controlled_enforce,cache_warm,cache,pass,12,12,2.3405415,2.9333938999999996,3.0907123800000003,0,204537856,
georestrict,2.0.2,4907800be78f298616b0be0656c7e4b91ed91bc1eb04990d454acfe9886a9196,native_velocity_login_gate,controlled_enforce,cache_warm,cache,pass,12,12,1.6927295,1.9391751499999996,2.07586863,0,170065920,
sqidgeon-antivpn,1.0.0,c66e6da19707a702ddcd45fdc0c9a60624dfb00a1e6330ae8d6efaf0b1410a8d,native_velocity_login_gate,controlled_local_cidr_and_manual_rules,cache_warm,cache,unsupported,0,12,,,,,,
connection-guard,0.5.0,172d6e4dc7b925efc8498cab46f28807dba47f20750fbfbdb3c56a64002bb503,native_velocity_login_gate,controlled_enforce,same_ip_16,concurrency,pass,192,192,58.739625000000004,65.5678792,66.89516022,1,201211904,
georestrict,2.0.2,4907800be78f298616b0be0656c7e4b91ed91bc1eb04990d454acfe9886a9196,native_velocity_login_gate,controlled_enforce,same_ip_16,concurrency,fail,192,192,59.534791,62.225767,62.81337981,4,173752320,
sqidgeon-antivpn,1.0.0,c66e6da19707a702ddcd45fdc0c9a60624dfb00a1e6330ae8d6efaf0b1410a8d,native_velocity_login_gate,controlled_local_cidr_and_manual_rules,same_ip_16,concurrency,pass,192,192,2.9665415,4.3778795,4.80621,0,178585600,
connection-guard,0.5.0,172d6e4dc7b925efc8498cab46f28807dba47f20750fbfbdb3c56a64002bb503,native_velocity_login_gate,controlled_enforce,unique_ip_16,concurrency,pass,192,192,144.656833,235.74579605,241.06981806,16,199737344,
georestrict,2.0.2,4907800be78f298616b0be0656c7e4b91ed91bc1eb04990d454acfe9886a9196,native_velocity_login_gate,controlled_enforce,unique_ip_16,concurrency,pass,192,192,145.6566665,235.03654565,251.94536743999998,16,181944320,
sqidgeon-antivpn,1.0.0,c66e6da19707a702ddcd45fdc0c9a60624dfb00a1e6330ae8d6efaf0b1410a8d,native_velocity_login_gate,controlled_local_cidr_and_manual_rules,unique_ip_16,concurrency,pass,192,192,3.017875,4.249980949999999,4.7411650000000005,0,179994624,
