product,version,artifact_sha256,layer,profile,case,track,verdict,samples,expected_samples,p50_ms,p95_ms,p99_ms,max_batch_requests,observed_proxy_rss_bytes,qualification_errors,contract_failures
connection-guard,0.5.0,172d6e4dc7b925efc8498cab46f28807dba47f20750fbfbdb3c56a64002bb503,native_velocity_login_gate,controlled_enforce,failure_429_open,provider,pass,12,12,2.2455420000000004,5.84100205,6.13413401,0,194019328,,
georestrict,2.0.2,4907800be78f298616b0be0656c7e4b91ed91bc1eb04990d454acfe9886a9196,native_velocity_login_gate,controlled_enforce,failure_429_open,provider,fail,12,12,2.622875,9.759010599999996,12.543202120000004,1,163610624,,retry_after_pause_not_preserved
connection-guard,0.5.0,172d6e4dc7b925efc8498cab46f28807dba47f20750fbfbdb3c56a64002bb503,native_velocity_login_gate,controlled_enforce,failure_429_closed,provider,pass,12,12,2.5192705,6.121254349999999,6.877650870000001,0,195624960,,
georestrict,2.0.2,4907800be78f298616b0be0656c7e4b91ed91bc1eb04990d454acfe9886a9196,native_velocity_login_gate,controlled_enforce,failure_429_closed,provider,fail,12,12,2.7183545000000002,3.9010502999999987,4.587377260000001,1,173309952,,retry_after_pause_not_preserved
connection-guard,0.5.0,172d6e4dc7b925efc8498cab46f28807dba47f20750fbfbdb3c56a64002bb503,native_velocity_login_gate,controlled_enforce,failure_malformed_open,provider,pass,12,12,4.483875,7.086850149999999,7.57620363,1,193806336,,
georestrict,2.0.2,4907800be78f298616b0be0656c7e4b91ed91bc1eb04990d454acfe9886a9196,native_velocity_login_gate,controlled_enforce,failure_malformed_open,provider,pass,12,12,2.7664790000000004,5.072246049999997,6.617415610000002,1,169590784,,
connection-guard,0.5.0,172d6e4dc7b925efc8498cab46f28807dba47f20750fbfbdb3c56a64002bb503,native_velocity_login_gate,controlled_enforce,failure_malformed_closed,provider,pass,12,12,3.5920829999999997,5.880112499999999,6.2685225,1,198279168,,
georestrict,2.0.2,4907800be78f298616b0be0656c7e4b91ed91bc1eb04990d454acfe9886a9196,native_velocity_login_gate,controlled_enforce,failure_malformed_closed,provider,pass,12,12,3.702417,9.524552149999995,13.310843230000005,1,170655744,,
connection-guard,0.5.0,172d6e4dc7b925efc8498cab46f28807dba47f20750fbfbdb3c56a64002bb503,native_velocity_login_gate,controlled_enforce,failure_missing_open,provider,pass,12,12,3.666,7.416410449999998,8.783948490000002,1,191414272,,
georestrict,2.0.2,4907800be78f298616b0be0656c7e4b91ed91bc1eb04990d454acfe9886a9196,native_velocity_login_gate,controlled_enforce,failure_missing_open,provider,pass,12,12,4.136146,6.466273099999999,7.0536546200000005,1,158990336,,
connection-guard,0.5.0,172d6e4dc7b925efc8498cab46f28807dba47f20750fbfbdb3c56a64002bb503,native_velocity_login_gate,controlled_enforce,failure_missing_closed,provider,pass,12,12,3.5717084999999997,4.0770227,4.13493814,1,193888256,,
georestrict,2.0.2,4907800be78f298616b0be0656c7e4b91ed91bc1eb04990d454acfe9886a9196,native_velocity_login_gate,controlled_enforce,failure_missing_closed,provider,pass,12,12,3.6327295,6.418551899999997,8.447410380000003,1,166592512,,
connection-guard,0.5.0,172d6e4dc7b925efc8498cab46f28807dba47f20750fbfbdb3c56a64002bb503,native_velocity_login_gate,controlled_enforce,positive_cache_control,cache,pass,12,12,3.2516670000000003,5.74961235,5.802888869999999,0,193003520,,
georestrict,2.0.2,4907800be78f298616b0be0656c7e4b91ed91bc1eb04990d454acfe9886a9196,native_velocity_login_gate,controlled_enforce,positive_cache_control,cache,pass,12,12,1.927625,2.8141792,2.90280224,0,157384704,,
connection-guard,0.5.0,172d6e4dc7b925efc8498cab46f28807dba47f20750fbfbdb3c56a64002bb503,native_velocity_login_gate,controlled_enforce,negative_cache_control,cache,pass,12,12,2.778625,4.70397745,4.898695490000001,0,191135744,,
georestrict,2.0.2,4907800be78f298616b0be0656c7e4b91ed91bc1eb04990d454acfe9886a9196,native_velocity_login_gate,controlled_enforce,negative_cache_control,cache,pass,12,12,2.043,4.821270649999997,6.584754130000002,0,151683072,,
